<?xml version="1.0" encoding="utf-8" ?>
<dwsync>
<file name=".gitignore" server="ftp.medusateam.com/web/proyectos/test/solido1/" local="130179134760000000" remote="130364980800000000" Dst="1" />
<file name=".jshintrc" server="ftp.medusateam.com/web/proyectos/test/solido1/" local="130179134760000000" remote="130364980800000000" Dst="1" />
<file name="changelog.md" server="ftp.medusateam.com/web/proyectos/test/solido1/" local="130179134760000000" remote="130364980800000000" Dst="1" />
<file name="CONTRIBUTING.md" server="ftp.medusateam.com/web/proyectos/test/solido1/" local="130179134760000000" remote="130364980800000000" Dst="1" />
<file name="Gruntfile.js" server="ftp.medusateam.com/web/proyectos/test/solido1/" local="130179134760000000" remote="130364981400000000" Dst="1" />
<file name="LICENSE-MIT" server="ftp.medusateam.com/web/proyectos/test/solido1/" local="130179134760000000" remote="130364981400000000" Dst="1" />
<file name="package.json" server="ftp.medusateam.com/web/proyectos/test/solido1/" local="130179134760000000" remote="130364981400000000" Dst="1" />
<file name="README.md" server="ftp.medusateam.com/web/proyectos/test/solido1/" local="130179134760000000" remote="130364981400000000" Dst="1" />
<file name="superslides.jquery.json" server="ftp.medusateam.com/web/proyectos/test/solido1/" local="130179134760000000" remote="130364981400000000" Dst="1" />
</dwsync>